<?xml version="1.0" encoding="UTF-8" standalone="yes"?>
<addon id="repository.sofi" name="Sofi Kodi Add-ons repository" version="0.1" provider-name="rimmed">
   <extension point="xbmc.addon.repository" name="Sofi Kodi Add-ons repository">
      <info compressed="false">https://github.com/rimmed/Sofi/raw/master/addons.xml</info>
      <checksum>https://github.com/rimmed/Sofi/raw/master/addons.xml.md5</checksum>
      <datadir zip="true">https://github.com/rimmed/Sofi/raw/master</datadir>
   </extension>
   <extension point="xbmc.addon.metadata">
      <summary>Install Add-ons</summary>
      <platform>all</platform>
   </extension>
</addon>
